fold,fisher_score,p_value
1,18.645702270111304,3.1960220416238414e-12
